{
  "silahlar": {
    "rifle.ak": {"name": "Saldırı Tüfeği (AK)", "displayName": "Assault Rifle", "category": "Silah", "stackSize": 1, "itemId": 1545779598},
    "rifle.lr300": {"name": "LR-300 Saldırı Tüfeği", "displayName": "LR-300 Assault Rifle", "category": "Silah", "stackSize": 1, "itemId": -1812555177},
    "rifle.bolt": {"name": "Sürgülü Tüfek", "displayName": "Bolt Action Rifle", "category": "Silah", "stackSize": 1, "itemId": 1588298435},
    "rifle.semiauto": {"name": "Yarı Otomatik Tüfek", "displayName": "Semi-Automatic Rifle", "category": "Silah", "stackSize": 1, "itemId": 1588298435},
    "rifle.m39": {"name": "M39 Tüfeği", "displayName": "M39 Rifle", "category": "Silah", "stackSize": 1, "itemId": 28201841},
    "rifle.l96": {"name": "L96 Tüfeği", "displayName": "L96 Rifle", "category": "Silah", "stackSize": 1, "itemId": -778367295},
    "smg.mp5": {"name": "MP5A4", "displayName": "MP5A4", "category": "Silah", "stackSize": 1, "itemId": -852563019},
    "smg.thompson": {"name": "Thompson", "displayName": "Thompson", "category": "Silah", "stackSize": 1, "itemId": -852563019},
    "smg.2": {"name": "Özel SMG", "displayName": "Custom SMG", "category": "Silah", "stackSize": 1, "itemId": 1796682209},
    "pistol.m92": {"name": "M92 Tabanca", "displayName": "M92 Pistol", "category": "Silah", "stackSize": 1, "itemId": -852563019},
    "pistol.python": {"name": "Python Altıpatlar", "displayName": "Python Revolver", "category": "Silah", "stackSize": 1, "itemId": -852563019},
    "pistol.revolver": {"name": "Altıpatlar", "displayName": "Revolver", "category": "Silah", "stackSize": 1, "itemId": -852563019},
    "pistol.semiauto": {"name": "Yarı Otomatik Tabanca", "displayName": "Semi-Automatic Pistol", "category": "Silah", "stackSize": 1, "itemId": -852563019},
    "pistol.eoka": {"name": "Eoka Tabancası", "displayName": "Eoka Pistol", "category": "Silah", "stackSize": 1, "itemId": -75944661},
    "shotgun.pump": {"name": "Pompalı Av Tüfeği", "displayName": "Pump Shotgun", "category": "Silah", "stackSize": 1, "itemId": -765183617},
    "shotgun.spas12": {"name": "SPAS-12 Av Tüfeği", "displayName": "SPAS-12 Shotgun", "category": "Silah", "stackSize": 1, "itemId": -765183617},
    "shotgun.double": {"name": "Çift Namlulu Av Tüfeği", "displayName": "Double Barrel Shotgun", "category": "Silah", "stackSize": 1, "itemId": -765183617},
    "shotgun.m4": {"name": "M4 Av Tüfeği", "displayName": "M4 Shotgun", "category": "Silah", "stackSize": 1, "itemId": 678698219},
    "bow.hunting": {"name": "Av Yayı", "displayName": "Hunting Bow", "category": "Silah", "stackSize": 1, "itemId": 1443579727},
    "bow.compound": {"name": "Makaralı Yay", "displayName": "Compound Bow", "category": "Silah", "stackSize": 1, "itemId": 884424049},
    "crossbow": {"name": "Tatar Yayı", "displayName": "Crossbow", "category": "Silah", "stackSize": 1, "itemId": 1965232394},
    "lmg.m249": {"name": "M249 Makinalı Tüfek", "displayName": "M249", "category": "Silah", "stackSize": 1, "itemId": -2069578888},
    "rocket.launcher": {"name": "Roketatar", "displayName": "Rocket Launcher", "category": "Silah", "stackSize": 1, "itemId": -2069578888},
    "flamethrower": {"name": "Alev Makinesi", "displayName": "Flame Thrower", "category": "Silah", "stackSize": 1, "itemId": -1215753368},
    "spear.stone": {"name": "Taş Mızrak", "displayName": "Stone Spear", "category": "Silah", "stackSize": 1, "itemId": -1215753368},
    "spear.wooden": {"name": "Tahta Mızrak", "displayName": "Wooden Spear", "category": "Silah", "stackSize": 1, "itemId": -1215753368},
    "longsword": {"name": "Uzun Kılıç", "displayName": "Longsword", "category": "Silah", "stackSize": 1, "itemId": -1469578201},
    "mace": {"name": "Topuz", "displayName": "Mace", "category": "Silah", "stackSize": 1, "itemId": -1966748496},
    "machete": {"name": "Pala", "displayName": "Machete", "category": "Silah", "stackSize": 1, "itemId": -1137865085},
    "salvaged.sword": {"name": "Hurda Kılıç", "displayName": "Salvaged Sword", "category": "Silah", "stackSize": 1, "itemId": -1137865085}
  },
  "muhimmat": {
    "ammo.rifle": {"name": "5.56 Tüfek Mermisi", "displayName": "5.56 Rifle Ammo", "category": "Mühimmat", "stackSize": 128, "itemId": -1211166256},
    "ammo.rifle.explosive": {"name": "Patlayıcı 5.56 Mermi", "displayName": "Explosive 5.56 Rifle Ammo", "category": "Mühimmat", "stackSize": 128, "itemId": -1321651331},
    "ammo.rifle.hv": {"name": "HV 5.56 Mermi", "displayName": "HV 5.56 Rifle Ammo", "category": "Mühimmat", "stackSize": 128, "itemId": 1712070256},
    "ammo.rifle.incendiary": {"name": "Yakıcı 5.56 Mermi", "displayName": "Incendiary 5.56 Rifle Ammo", "category": "Mühimmat", "stackSize": 128, "itemId": 605467368},
    "ammo.pistol": {"name": "Tabanca Mermisi", "displayName": "Pistol Bullet", "category": "Mühimmat", "stackSize": 128, "itemId": -1211166256},
    "ammo.pistol.hv": {"name": "HV Tabanca Mermisi", "displayName": "HV Pistol Ammo", "category": "Mühimmat", "stackSize": 128, "itemId": -1691396643},
    "ammo.pistol.fire": {"name": "Yakıcı Tabanca Mermisi", "displayName": "Incendiary Pistol Bullet", "category": "Mühimmat", "stackSize": 128, "itemId": 51984655},
    "ammo.shotgun": {"name": "12 Kalibre Saçma", "displayName": "12 Gauge Buckshot", "category": "Mühimmat", "stackSize": 64, "itemId": -1685290200},
    "ammo.shotgun.slug": {"name": "12 Kalibre Tek Kurşun", "displayName": "12 Gauge Slug", "category": "Mühimmat", "stackSize": 32, "itemId": -727717969},
    "ammo.shotgun.fire": {"name": "Yakıcı Av Tüfeği Mermisi", "displayName": "12 Gauge Incendiary Shell", "category": "Mühimmat", "stackSize": 64, "itemId": -1036635990},
    "arrow.wooden": {"name": "Tahta Ok", "displayName": "Wooden Arrow", "category": "Mühimmat", "stackSize": 64, "itemId": -1211166256},
    "arrow.hv": {"name": "HV Ok", "displayName": "HV Arrow", "category": "Mühimmat", "stackSize": 64, "itemId": -1023065463},
    "arrow.bone": {"name": "Kemik Ok", "displayName": "Bone Arrow", "category": "Mühimmat", "stackSize": 64, "itemId": 215754713},
    "arrow.fire": {"name": "Ateş Oku", "displayName": "Fire Arrow", "category": "Mühimmat", "stackSize": 64, "itemId": 14241751},
    "ammo.rocket.basic": {"name": "Roket", "displayName": "Rocket", "category": "Mühimmat", "stackSize": 3, "itemId": -1211166256},
    "ammo.rocket.hv": {"name": "Yüksek Hızlı Roket", "displayName": "High Velocity Rocket", "category": "Mühimmat", "stackSize": 3, "itemId": -1841918730},
    "ammo.rocket.fire": {"name": "Yakıcı Roket", "displayName": "Incendiary Rocket", "category": "Mühimmat", "stackSize": 3, "itemId": 1638322904},
    "ammo.grenadelauncher.he": {"name": "40mm Bomba", "displayName": "40mm HE Grenade", "category": "Mühimmat", "stackSize": 12, "itemId": 349762871},
    "ammo.grenadelauncher.buckshot": {"name": "40mm Saçma", "displayName": "40mm Shotgun Round", "category": "Mühimmat", "stackSize": 24, "itemId": 1055319033},
    "ammo.grenadelauncher.smoke": {"name": "40mm Duman Bombası", "displayName": "40mm Smoke Grenade", "category": "Mühimmat", "stackSize": 12, "itemId": 915408809}
  },
  "kaynaklar": {
    "wood": {"name": "Odun", "displayName": "Wood", "category": "Kaynak", "stackSize": 1000, "itemId": 0},
    "stones": {"name": "Taş", "displayName": "Stones", "category": "Kaynak", "stackSize": 1000, "itemId": 0},
    "metal.ore": {"name": "Metal Cevheri", "displayName": "Metal Ore", "category": "Kaynak", "stackSize": 1000, "itemId": -4031221},
    "sulfur.ore": {"name": "Kükürt Cevheri", "displayName": "Sulfur Ore", "category": "Kaynak", "stackSize": 1000, "itemId": 0},
    "hq.metal.ore": {"name": "Yüksek Kalite Metal Cevheri", "displayName": "High Quality Metal Ore", "category": "Kaynak", "stackSize": 100, "itemId": -1982036270},
    "metal.fragments": {"name": "Metal Parçaları", "displayName": "Metal Fragments", "category": "Kaynak", "stackSize": 1000, "itemId": 69511070},
    "metal.refined": {"name": "Yüksek Kalite Metal", "displayName": "High Quality Metal", "category": "Kaynak", "stackSize": 100, "itemId": 317398316},
    "sulfur": {"name": "Kükürt", "displayName": "Sulfur", "category": "Kaynak", "stackSize": 1000, "itemId": 0},
    "charcoal": {"name": "Odun Kömürü", "displayName": "Charcoal", "category": "Kaynak", "stackSize": 1000, "itemId": -1938052175},
    "cloth": {"name": "Kumaş", "displayName": "Cloth", "category": "Kaynak", "stackSize": 1000, "itemId": -858312878},
    "leather": {"name": "Deri", "displayName": "Leather", "category": "Kaynak", "stackSize": 1000, "itemId": 1381010055},
    "fat.animal": {"name": "Hayvan Yağı", "displayName": "Animal Fat", "category": "Kaynak", "stackSize": 1000, "itemId": -1018587433},
    "bone.fragments": {"name": "Kemik Parçaları", "displayName": "Bone Fragments", "category": "Kaynak", "stackSize": 1000, "itemId": 1719978075},
    "scrap": {"name": "Hurda", "displayName": "Scrap", "category": "Kaynak", "stackSize": 1000, "itemId": 0},
    "lowgradefuel": {"name": "Düşük Kalite Yakıt", "displayName": "Low Grade Fuel", "category": "Kaynak", "stackSize": 500, "itemId": -946369541},
    "crude.oil": {"name": "Ham Petrol", "displayName": "Crude Oil", "category": "Kaynak", "stackSize": 500, "itemId": -321733511},
    "explosives": {"name": "Patlayıcılar", "displayName": "Explosives", "category": "Kaynak", "stackSize": 100, "itemId": -592016202},
    "gunpowder": {"name": "Barut", "displayName": "Gun Powder", "category": "Kaynak", "stackSize": 1000, "itemId": -265876753}
  },
  "komponentler": {
    "gears": {"name": "Dişliler", "displayName": "Gears", "category": "Komponent", "stackSize": 20, "itemId": 479143914},
    "metalpipe": {"name": "Metal Boru", "displayName": "Metal Pipe", "category": "Komponent", "stackSize": 20, "itemId": 95950017},
    "metalspring": {"name": "Metal Yay", "displayName": "Metal Spring", "category": "Komponent", "stackSize": 20, "itemId": -1021495308},
    "metalblade": {"name": "Metal Bıçak", "displayName": "Metal Blade", "category": "Komponent", "stackSize": 20, "itemId": 1882709339},
    "propanetank": {"name": "Propan Tankı", "displayName": "Empty Propane Tank", "category": "Komponent", "stackSize": 20, "itemId": -1673693549},
    "roadsigns": {"name": "Yol İşaretleri", "displayName": "Road Signs", "category": "Komponent", "stackSize": 5, "itemId": 0},
    "rope": {"name": "İp", "displayName": "Rope", "category": "Komponent", "stackSize": 10, "itemId": 0},
    "sewingkit": {"name": "Dikiş Seti", "displayName": "Sewing Kit", "category": "Komponent", "stackSize": 10, "itemId": 0},
    "sheetmetal": {"name": "Levha Metal", "displayName": "Sheet Metal", "category": "Komponent", "stackSize": 10, "itemId": 0},
    "smgbody": {"name": "SMG Gövdesi", "displayName": "SMG Body", "category": "Komponent", "stackSize": 5, "itemId": 0},
    "semibody": {"name": "Yarı Otomatik Gövde", "displayName": "Semi Automatic Body", "category": "Komponent", "stackSize": 5, "itemId": 0},
    "riflebody": {"name": "Tüfek Gövdesi", "displayName": "Rifle Body", "category": "Komponent", "stackSize": 5, "itemId": 0},
    "techparts": {"name": "Teknoloji Çöpü", "displayName": "Tech Trash", "category": "Komponent", "stackSize": 20, "itemId": 0},
    "tarp": {"name": "Branda", "displayName": "Tarp", "category": "Komponent", "stackSize": 10, "itemId": 0}
  },
  "tibbi": {
    "syringe.medical": {"name": "Tıbbi Şırınga", "displayName": "Medical Syringe", "category": "Tıbbi", "stackSize": 2, "itemId": 1079279582},
    "largemedkit": {"name": "Büyük İlk Yardım Çantası", "displayName": "Large Medkit", "category": "Tıbbi", "stackSize": 1, "itemId": 254522515},
    "bandage": {"name": "Bandaj", "displayName": "Bandage", "category": "Tıbbi", "stackSize": 3, "itemId": -2072273936},
    "antiradpills": {"name": "Radyasyon Önleyici Hap", "displayName": "Anti-Radiation Pills", "category": "Tıbbi", "stackSize": 10, "itemId": -1432674913},
    "blood": {"name": "Kan", "displayName": "Blood", "category": "Tıbbi", "stackSize": 1000, "itemId": 1776460938}
  },
  "yiyecek": {
    "apple": {"name": "Elma", "displayName": "Apple", "category": "Yiyecek", "stackSize": 10, "itemId": 1548091822},
    "corn": {"name": "Mısır", "displayName": "Corn", "category": "Yiyecek", "stackSize": 20, "itemId": 1367190888},
    "mushroom": {"name": "Mantar", "displayName": "Mushroom", "category": "Yiyecek", "stackSize": 10, "itemId": 0},
    "pumpkin": {"name": "Balkabağı", "displayName": "Pumpkin", "category": "Yiyecek", "stackSize": 20, "itemId": 0},
    "bearmeat.cooked": {"name": "Pişmiş Ayı Eti", "displayName": "Cooked Bear Meat", "category": "Yiyecek", "stackSize": 20, "itemId": 1873897110},
    "deermeat.cooked": {"name": "Pişmiş Geyik Eti", "displayName": "Cooked Deer Meat", "category": "Yiyecek", "stackSize": 20, "itemId": -1509851560},
    "wolfmeat.cooked": {"name": "Pişmiş Kurt Eti", "displayName": "Cooked Wolf Meat", "category": "Yiyecek", "stackSize": 20, "itemId": 813023040},
    "chicken.cooked": {"name": "Pişmiş Tavuk", "displayName": "Cooked Chicken", "category": "Yiyecek", "stackSize": 20, "itemId": -1848736516},
    "meat.pork.cooked": {"name": "Pişmiş Domuz Eti", "displayName": "Cooked Pork", "category": "Yiyecek", "stackSize": 20, "itemId": -242084766},
    "fish.cooked": {"name": "Pişmiş Balık", "displayName": "Cooked Fish", "category": "Yiyecek", "stackSize": 20, "itemId": 1668129151},
    "can.beans": {"name": "Fasulye Konservesi", "displayName": "Can of Beans", "category": "Yiyecek", "stackSize": 10, "itemId": -700591459},
    "can.tuna": {"name": "Ton Balığı Konservesi", "displayName": "Can of Tuna", "category": "Yiyecek", "stackSize": 10, "itemId": -1941646328},
    "water": {"name": "Su", "displayName": "Water", "category": "Yiyecek", "stackSize": 1, "itemId": 0},
    "water.salt": {"name": "Tuzlu Su", "displayName": "Salt Water", "category": "Yiyecek", "stackSize": 1, "itemId": 0},
    "granolabar": {"name": "Granola Bar", "displayName": "Granola Bar", "category": "Yiyecek", "stackSize": 10, "itemId": -746030907},
    "chocolate": {"name": "Çikolata", "displayName": "Chocolate Bar", "category": "Yiyecek", "stackSize": 10, "itemId": -965336208}
  },
  "giysiler": {
    "metal.facemask": {"name": "Metal Yüz Maskesi", "displayName": "Metal Facemask", "category": "Giysi", "stackSize": 1, "itemId": -194953424},
    "metal.plate.torso": {"name": "Metal Göğüs Zırhı", "displayName": "Metal Chest Plate", "category": "Giysi", "stackSize": 1, "itemId": 1110385766},
    "roadsign.jacket": {"name": "Yol İşareti Ceket", "displayName": "Road Sign Jacket", "category": "Giysi", "stackSize": 1, "itemId": 0},
    "roadsign.kilt": {"name": "Yol İşareti Etek", "displayName": "Road Sign Kilt", "category": "Giysi", "stackSize": 1, "itemId": 0},
    "hoodie": {"name": "Kapüşonlu", "displayName": "Hoodie", "category": "Giysi", "stackSize": 1, "itemId": 1751045826},
    "pants": {"name": "Pantolon", "displayName": "Pants", "category": "Giysi", "stackSize": 1, "itemId": 0},
    "shoes.boots": {"name": "Botlar", "displayName": "Boots", "category": "Giysi", "stackSize": 1, "itemId": -1549739227},
    "riot.helmet": {"name": "Ayaklanma Başlığı", "displayName": "Riot Helmet", "category": "Giysi", "stackSize": 1, "itemId": 0},
    "coffeecan.helmet": {"name": "Kahve Tenekesi Miğfer", "displayName": "Coffee Can Helmet", "category": "Giysi", "stackSize": 1, "itemId": -803263829},
    "tactical.gloves": {"name": "Taktik Eldiven", "displayName": "Tactical Gloves", "category": "Giysi", "stackSize": 1, "itemId": 0},
    "hazmatsuit": {"name": "Tehlikeli Madde Kıyafeti", "displayName": "Hazmat Suit", "category": "Giysi", "stackSize": 1, "itemId": 1266491000},
    "jacket": {"name": "Ceket", "displayName": "Jacket", "category": "Giysi", "stackSize": 1, "itemId": -1163532624},
    "tshirt": {"name": "Tişört", "displayName": "T-Shirt", "category": "Giysi", "stackSize": 1, "itemId": 0},
    "tshirt.long": {"name": "Uzun Kollu Tişört", "displayName": "Longsleeve T-Shirt", "category": "Giysi", "stackSize": 1, "itemId": 935692442},
    "burlap.shirt": {"name": "Çuval Bezi Gömlek", "displayName": "Burlap Shirt", "category": "Giysi", "stackSize": 1, "itemId": 602741290},
    "burlap.trousers": {"name": "Çuval Bezi Pantolon", "displayName": "Burlap Trousers", "category": "Giysi", "stackSize": 1, "itemId": 1992974553},
    "burlap.shoes": {"name": "Çuval Bezi Ayakkabı", "displayName": "Burlap Shoes", "category": "Giysi", "stackSize": 1, "itemId": -761829530},
    "burlap.headwrap": {"name": "Çuval Bezi Başlık", "displayName": "Burlap Headwrap", "category": "Giysi", "stackSize": 1, "itemId": 1877339384},
    "heavy.plate.helmet": {"name": "Ağır Zırh Miğferi", "displayName": "Heavy Plate Helmet", "category": "Giysi", "stackSize": 1, "itemId": 1181207482},
    "heavy.plate.jacket": {"name": "Ağır Zırh Ceketi", "displayName": "Heavy Plate Jacket", "category": "Giysi", "stackSize": 1, "itemId": -1102429027},
    "heavy.plate.pants": {"name": "Ağır Zırh Pantolonu", "displayName": "Heavy Plate Pants", "category": "Giysi", "stackSize": 1, "itemId": -1778159885}
  },
  "aletler": {
    "hammer": {"name": "Çekiç", "displayName": "Hammer", "category": "Alet", "stackSize": 1, "itemId": 200773292},
    "hatchet": {"name": "Balta", "displayName": "Hatchet", "category": "Alet", "stackSize": 1, "itemId": -1252059217},
    "pickaxe": {"name": "Kazma", "displayName": "Pick Axe", "category": "Alet", "stackSize": 1, "itemId": 0},
    "axe.salvaged": {"name": "Hurda Balta", "displayName": "Salvaged Axe", "category": "Alet", "stackSize": 1, "itemId": 0},
    "icepick.salvaged": {"name": "Hurda Buz Kıracağı", "displayName": "Salvaged Icepick", "category": "Alet", "stackSize": 1, "itemId": 0},
    "chainsaw": {"name": "Motorlu Testere", "displayName": "Chainsaw", "category": "Alet", "stackSize": 1, "itemId": 1104520648},
    "jackhammer": {"name": "Kırıcı", "displayName": "Jackhammer", "category": "Alet", "stackSize": 1, "itemId": 1488979457},
    "tool.binoculars": {"name": "Dürbün", "displayName": "Binoculars", "category": "Alet", "stackSize": 1, "itemId": -1262185308},
    "surveycharge": {"name": "Araştırma Patlayıcısı", "displayName": "Survey Charge", "category": "Alet", "stackSize": 20, "itemId": 0},
    "building.planner": {"name": "İnşaat Planı", "displayName": "Building Plan", "category": "Alet", "stackSize": 1, "itemId": 1525520776}
  },
  "patlayicilar": {
    "explosive.timed": {"name": "Zamanlı Patlayıcı (C4)", "displayName": "Timed Explosive Charge", "category": "Patlayıcı", "stackSize": 10, "itemId": 0},
    "explosive.satchel": {"name": "Çanta Patlayıcı", "displayName": "Satchel Charge", "category": "Patlayıcı", "stackSize": 10, "itemId": 0},
    "grenade.f1": {"name": "F1 El Bombası", "displayName": "F1 Grenade", "category": "Patlayıcı", "stackSize": 5, "itemId": 143803535},
    "grenade.beancan": {"name": "Teneke El Bombası", "displayName": "Beancan Grenade", "category": "Patlayıcı", "stackSize": 5, "itemId": 1840822026},
    "grenade.molotov": {"name": "Molotof Kokteyli", "displayName": "Molotov Cocktail", "category": "Patlayıcı", "stackSize": 5, "itemId": 0}
  },
  "elektrik": {
    "battery.small": {"name": "Küçük Pil", "displayName": "Small Battery", "category": "Elektrik", "stackSize": 1, "itemId": 609049394},
    "generator.small": {"name": "Küçük Jeneratör", "displayName": "Small Generator", "category": "Elektrik", "stackSize": 5, "itemId": 0},
    "cctv.camera": {"name": "CCTV Kamera", "displayName": "CCTV Camera", "category": "Elektrik", "stackSize": 64, "itemId": 634478325},
    "targeting.computer": {"name": "Hedefleme Bilgisayarı", "displayName": "Targeting Computer", "category": "Elektrik", "stackSize": 5, "itemId": 0},
    "electric.solarpanel.large": {"name": "Büyük Güneş Paneli", "displayName": "Large Solar Panel", "category": "Elektrik", "stackSize": 3, "itemId": 2090395347},
    "electric.switch": {"name": "Elektrik Anahtarı", "displayName": "Electric Switch", "category": "Elektrik", "stackSize": 5, "itemId": 0},
    "autoturret": {"name": "Otomatik Taret", "displayName": "Auto Turret", "category": "Elektrik", "stackSize": 1, "itemId": -2139580305}
  },
  "diger": {
    "keycard_red": {"name": "Kırmızı Kart", "displayName": "Red Keycard", "category": "Eşya", "stackSize": 1, "itemId": 0},
    "keycard_blue": {"name": "Mavi Kart", "displayName": "Blue Keycard", "category": "Eşya", "stackSize": 1, "itemId": -484206264},
    "keycard_green": {"name": "Yeşil Kart", "displayName": "Green Keycard", "category": "Eşya", "stackSize": 1, "itemId": 37122747},
    "fuse": {"name": "Sigorta", "displayName": "Fuse", "category": "Eşya", "stackSize": 10, "itemId": -629028935},
    "blueprintbase": {"name": "Blueprint", "displayName": "Blueprint", "category": "Eşya", "stackSize": 1000, "itemId": -996920608}
  }
}
